<layer-list xmlns:android="http://schemas.android.com/apk/res/android">
    <item android:id="@android:id/background">
        <shape>
            <corners android:radius="5dp" />
            <solid android:color="#CCCCCC" /> <!-- Background color -->
        </shape>
    </item>
    <item android:id="@android:id/progress">
        <clip>
            <shape>
                <corners android:radius="5dp" />
                <solid android:color="#2196F3" /> <!-- Blue color -->
            </shape>
        </clip>
    </item>
</layer-list>
